{"cameraMode":{"drawMode":0,"name":"Shaded","section":"Shading Mode"},"sceneLighting":false,"audioPlay":false,"sceneViewState":{"showFog":true,"showMaterialUpdate":false,"showSkybox":true,"showFlares":true,"showImageEffects":true,"showParticleSystems":true},"in2DMode":false,"pivot":{"x":-2.2859580516815187,"y":2.4604244232177736,"z":-7.800158500671387},"rotation":{"x":-0.3537501096725464,"y":0.13180768489837647,"z":-0.05041923001408577,"w":-0.9246448278427124},"size":21.411571502685548,"orthographic":false}