{"cameraMode":{"drawMode":0,"name":"Shaded","section":"Shading Mode"},"sceneLighting":false,"audioPlay":false,"sceneViewState":{"showFog":true,"showMaterialUpdate":false,"showSkybox":true,"showFlares":true,"showImageEffects":true,"showParticleSystems":true},"in2DMode":false,"pivot":{"x":14.169998168945313,"y":-34.538421630859378,"z":29.94648551940918},"rotation":{"x":-0.05077683553099632,"y":0.6882348656654358,"z":-0.7220898866653442,"w":-0.048396460711956027},"size":453.6397399902344,"orthographic":false}