{"cameraMode":{"drawMode":0,"name":"Shaded","section":"Shading Mode"},"sceneLighting":false,"audioPlay":false,"sceneViewState":{"showFog":true,"showMaterialUpdate":false,"showSkybox":true,"showFlares":true,"showImageEffects":true,"showParticleSystems":true},"in2DMode":false,"pivot":{"x":7.931989669799805,"y":-3.9238710403442385,"z":7.022836685180664},"rotation":{"x":0.00012447574408724904,"y":-0.9052220582962036,"z":0.4249439239501953,"w":0.00026878234348259866},"size":45.71506118774414,"orthographic":false}