{"cameraMode":{"drawMode":0,"name":"Shaded","section":"Shading Mode"},"sceneLighting":false,"audioPlay":false,"sceneViewState":{"showFog":true,"showMaterialUpdate":false,"showSkybox":true,"showFlares":true,"showImageEffects":true,"showParticleSystems":true},"in2DMode":false,"pivot":{"x":2.5490033626556398,"y":-1.5316314697265626,"z":4.495350360870361},"rotation":{"x":0.32209476828575137,"y":0.3976256549358368,"z":-0.15143896639347077,"w":0.8457061052322388},"size":9.801520347595215,"orthographic":false}