{"cameraMode":{"drawMode":0,"name":"Shaded","section":"Shading Mode"},"sceneLighting":false,"audioPlay":false,"sceneViewState":{"showFog":true,"showMaterialUpdate":false,"showSkybox":false,"showFlares":true,"showImageEffects":true,"showParticleSystems":true},"in2DMode":false,"pivot":{"x":-0.4514455795288086,"y":-1.159999966621399,"z":-4.289999961853027},"rotation":{"x":0.6701229214668274,"y":-0.005566708743572235,"z":0.005026074126362801,"w":0.7422146797180176},"size":2.8578836917877199,"orthographic":true}